{"RuleTriggered": 1, "Violations": 1, "Details": {"pin_memory": false, "num_workers": 0, "cores": 8, "dataloaders": 1, "dataloading_time": {"p25": 6.536033, "p50": 6.75279, "p95": 7.343555, "probs": [1, 0, 0, 0, 0, 1, 0, 0, 0, 0, 0, 0, 0, 0, 0, 0, 0, 0, 0, 0, 0, 0, 0, 0, 0, 0, 0, 0, 0, 0, 0, 0, 1, 0, 0, 0, 0, 0, 1, 0, 0, 0, 0, 0, 0, 1, 0, 2, 1, 0, 1, 0, 0, 0, 0, 0, 0, 0, 0, 0, 1, 0, 0, 0, 0, 0, 0, 0, 0, 0, 0, 0, 0, 0, 0, 0, 0, 0, 0, 0, 0, 0, 0, 0, 0, 0, 0, 0, 0, 0, 0, 0, 0, 0, 0, 0, 0, 0, 0, 1], "binedges": [5.898973, 5.91696612, 5.9349592399999995, 5.952952359999999, 5.97094548, 5.9889386, 6.00693172, 6.02492484, 6.04291796, 6.0609110799999995, 6.0789042, 6.09689732, 6.11489044, 6.13288356, 6.15087668, 6.1688697999999995, 6.18686292, 6.20485604, 6.22284916, 6.24084228, 6.2588354, 6.27682852, 6.29482164, 6.31281476, 6.33080788, 6.348801, 6.36679412, 6.38478724, 6.4027803599999995, 6.42077348, 6.4387666, 6.45675972, 6.47475284, 6.49274596, 6.5107390800000005, 6.5287322, 6.54672532, 6.56471844, 6.58271156, 6.60070468, 6.6186978, 6.63669092, 6.65468404, 6.67267716, 6.69067028, 6.7086634, 6.72665652, 6.7446496400000004, 6.76264276, 6.78063588, 6.798629, 6.81662212, 6.83461524, 6.85260836, 6.87060148, 6.8885946, 6.90658772, 6.92458084, 6.94257396, 6.960567080000001, 6.9785602, 6.99655332, 7.01454644, 7.03253956, 7.05053268, 7.0685258, 7.08651892, 7.10451204, 7.12250516, 7.14049828, 7.1584914, 7.17648452, 7.194477640000001, 7.21247076, 7.23046388, 7.248457, 7.26645012, 7.28444324, 7.30243636, 7.3204294800000005, 7.3384226, 7.35641572, 7.37440884, 7.39240196, 7.410395080000001, 7.4283882000000006, 7.44638132, 7.46437444, 7.48236756, 7.50036068, 7.5183538, 7.53634692, 7.5543400400000005, 7.57233316, 7.59032628, 7.6083194, 7.626312520000001, 7.644305640000001, 7.6622987600000005, 7.68029188, 7.698285]}}, "Datapoints": 11, "RuleParameters": "min_threshold:70\nmax_threshold:200"}