{"RuleTriggered": 0, "Violations": 0, "Details": {"step_num": {"first": 1642188878946789, "last": 1642189965068274}, "job_start": 1642188659.204346, "job_end": 1642189979.704602}, "Datapoints": 75, "RuleParameters": "threshold:20"}