{"RuleTriggered": 0, "Violations": 0, "Details": {"ratio": {"cpu_functions": 100.0}, "phase": {"Step:ModeKeys.TRAIN": 83.36680935200262, "others": 7.683014532982825, "Step:ModeKeys.EVAL": 8.95017611501455}, "phase_time": {}, "CPU": {"aten::conv2d": 16.32604566987329, "aten::convolution": 16.325716479364235, "aten::_convolution": 16.325455796599762, "aten::mkldnn_convolution": 16.324170245828267, "aten::batch_norm": 5.169494098082342, "aten::_batch_norm_impl_index": 5.168847494899976, "aten::native_batch_norm": 5.168365388823507, "aten::max_pool2d": 2.4160816689263913, "aten::max_pool2d_with_indices": 2.3457868340697576, "enumerate(DataLoader)#_SingleProcessDataLoaderIter.__next__": 14.430036323532477}, "CPU_total": {"aten::conv2d": 83170012, "aten::convolution": 83168335, "aten::_convolution": 83167007, "aten::mkldnn_convolution": 83160458, "aten::batch_norm": 26335029, "aten::_batch_norm_impl_index": 26331735, "aten::native_batch_norm": 26329279, "aten::max_pool2d": 12308280, "aten::max_pool2d_with_indices": 11950176, "enumerate(DataLoader)#_SingleProcessDataLoaderIter.__next__": 73511144}, "general": {"DataLoaderIterInitialize": 0.00042003941838854937, "DataLoaderIter": 6.817910932579117, "Forward": 93.18166902800249}}, "Datapoints": 0, "RuleParameters": ""}